{"cameraMode":{"drawMode":0,"name":"Shaded","section":"Shading Mode"},"sceneLighting":true,"audioPlay":false,"sceneViewState":{"m_AlwaysRefresh":false,"showFog":true,"showSkybox":true,"showFlares":true,"showImageEffects":true,"showParticleSystems":true,"showVisualEffectGraphs":true,"m_FxEnabled":true},"in2DMode":false,"pivot":{"x":3.304699659347534,"y":-35.261558532714847,"z":99.14005279541016},"rotation":{"x":0.1730988621711731,"y":0.016844209283590318,"z":-0.002959103789180517,"w":0.9847615361213684},"size":55.47397232055664,"orthographic":false}